Job Title,Company Name,Company Location
Senior Python Developer,"Nile Bits, LLC -","6th of October, Giza, Egypt "
Wagtail (Python Django) Developer Remote - Urgent,GetTechForce.com -,"Cairo, Egypt "
Senior Python / Django Developer,RDI -,"Dokki, Giza, Egypt "
Senior Full Stack Python Developer,Luftborn -,"Heliopolis, Cairo, Egypt "
Python Technical Lead,RDI -,"Dokki, Giza, Egypt "
Junior Python Developer,RDI -,"Dokki, Giza, Egypt "
Senior Full Stack Python Engineer,Amwal Tech -,"Cairo, Egypt "
Python Developer,OdooTec -,"New Cairo, Cairo, Egypt "
Python - Odoo Developer,Be In Track -,"Ain Shams, Cairo, Egypt "
Python Developer (FinTech),Bright Creations -,"Smart Village, Giza, Egypt "
Senior Python Developer (Relocation),Musala Soft -,"Sofia, Bulgaria "
"Senior Python,Django Back-End Developer",Your Parts -,"Maadi, Cairo, Egypt "
Senior Software Engineer - Python,ITWORX -,"Nasr City, Cairo, Egypt "
Regular Python Developer,Luxoft (A DXC Technology Company) -,"Cairo, Egypt "
Senior Full Stack React/ Python (Django) Developer - Remote,GetTechForce.com -,"Cairo, Egypt "
